timestamp,open,high,low,close,volume
2025-10-02 00:00:00,118477.94,120000.0,118298.1,118831.27,55.5978
2025-10-02 04:00:00,118833.34,120000.0,118315.15,118469.64,45.18459
2025-10-02 08:00:00,118469.79,118881.99,118383.08,118815.97,0.15692
2025-10-02 12:00:00,118815.98,119769.23,118481.52,119769.22,2.71506
2025-10-02 16:00:00,119769.22,121000.0,119396.28,120868.83,8.11551
2025-10-02 20:00:00,120543.06,120866.99,120120.0,120559.88,1.51051
2025-10-03 00:00:00,120559.85,120559.87,119816.36,120381.49,3.98631
2025-10-03 04:00:00,120130.76,120358.98,119681.55,119681.55,1.16188
2025-10-03 08:00:00,119953.15,120381.49,119320.59,120380.59,0.60371
2025-10-03 12:00:00,120151.19,122021.43,120142.23,122021.43,4.75984
2025-10-03 16:00:00,122021.43,123703.93,121550.01,122794.89,11.85476
2025-10-03 20:00:00,122511.29,122752.32,121973.27,122288.94,3.35616
2025-10-04 00:00:00,122288.42,122421.12,121640.52,122281.04,0.82225
2025-10-04 04:00:00,122279.59,122655.94,122046.09,122244.87,0.99556
2025-10-04 08:00:00,122490.43,122490.43,121973.28,121978.72,0.11717
2025-10-04 12:00:00,122217.37,122469.07,121509.06,122007.1,0.96379
2025-10-04 16:00:00,122004.71,122004.71,121510.86,121975.59,0.30401
2025-10-04 20:00:00,121963.59,122375.88,121763.73,122375.0,0.46636
2025-10-05 00:00:00,122380.23,124303.33,122008.95,123802.27,4.47636
2025-10-05 04:00:00,123996.17,125493.63,123778.1,124905.99,7.89306
2025-10-05 08:00:00,124903.46,124903.46,122605.26,123452.8,1.03718
2025-10-05 12:00:00,123451.8,123451.8,122703.25,123005.38,1.17869
2025-10-05 16:00:00,122995.77,123467.1,122420.48,122665.06,2.38843
2025-10-05 20:00:00,122534.19,123538.18,122509.49,123294.13,2.04587
2025-10-06 00:00:00,123530.38,124245.28,123126.55,123725.69,1.19769
2025-10-06 04:00:00,123963.63,124073.9,123268.72,123268.72,0.53031
2025-10-06 08:00:00,123724.8,124380.01,123545.84,124294.54,0.33482
2025-10-06 12:00:00,124292.86,125263.59,124000.06,125201.61,3.38258
2025-10-06 16:00:00,125197.45,125999.0,124701.35,125413.98,5.92646
2025-10-06 20:00:00,125499.37,125499.37,124615.04,124797.86,3.70803
2025-10-07 00:00:00,124620.35,125079.21,124184.43,124474.1,1.0476
2025-10-07 04:00:00,124470.6,124747.86,123634.64,123982.51,3.64674
2025-10-07 08:00:00,123970.91,124609.94,123423.35,124077.38,0.65688
2025-10-07 12:00:00,124581.43,124991.29,121272.71,121879.22,4.49606
2025-10-07 16:00:00,121895.39,122057.45,120663.78,121965.6,4.25286
2025-10-07 20:00:00,121973.21,122350.62,121329.48,121329.51,0.962
2025-10-08 00:00:00,121329.48,122283.2,121274.19,121733.12,10.73777
2025-10-08 04:00:00,121730.86,121941.79,121132.18,121500.0,0.78502
2025-10-08 08:00:00,121913.03,123225.49,121912.79,123217.67,0.48978
2025-10-08 12:00:00,122768.07,123256.49,121760.0,122057.45,0.51046
2025-10-08 16:00:00,122422.68,124126.6,122422.3,123165.91,1.00328
2025-10-08 20:00:00,123741.98,123741.99,122796.32,123455.27,1.38032
2025-10-09 00:00:00,123455.15,123455.15,121502.41,122145.4,1.05944
2025-10-09 04:00:00,121724.86,122279.15,121724.86,122095.74,0.76207
2025-10-09 08:00:00,122096.82,122884.97,121200.0,122432.01,1.21591
2025-10-09 12:00:00,122884.41,123677.67,120756.71,121260.42,2.90032
2025-10-09 16:00:00,121261.25,121473.33,119788.83,120665.92,3.30127
2025-10-09 20:00:00,120668.77,121729.71,120668.77,121658.66,1.47526
2025-10-10 00:00:00,121658.58,121873.13,120895.83,121128.56,0.48698
2025-10-10 04:00:00,121471.35,121759.81,120888.27,120888.27,0.11935
2025-10-10 08:00:00,120983.5,121704.92,120893.65,121369.23,0.19529
2025-10-10 12:00:00,121652.39,122478.31,118700.0,119285.05,3.78768
2025-10-10 16:00:00,119280.07,119526.91,116075.78,117499.98,5.8008
2025-10-10 20:00:00,117354.93,118589.0,110621.07,113189.88,21.35594
2025-10-11 00:00:00,113189.97,113423.82,110500.0,111936.14,52.36092
2025-10-11 04:00:00,112178.17,112682.43,109500.0,110071.12,44.37458
2025-10-11 08:00:00,110183.09,112309.13,109278.0,112293.64,16.55137
2025-10-11 12:00:00,112278.29,112412.88,111622.15,112185.75,1.72145
2025-10-11 16:00:00,112178.85,112178.85,110916.74,111307.39,1.82399
2025-10-11 20:00:00,111307.39,111515.85,109597.65,110519.44,4.67175
2025-10-12 00:00:00,110519.52,111293.25,109597.64,110519.36,2.11395
2025-10-12 04:00:00,110988.11,112075.52,110520.19,111347.94,1.046
2025-10-12 08:00:00,111321.72,112076.46,111190.13,112072.88,0.39774
2025-10-12 12:00:00,112072.7,113684.95,111190.15,113316.24,4.95568
2025-10-12 16:00:00,113316.08,114663.12,113316.08,113990.7,3.13642
2025-10-12 20:00:00,114426.63,115685.35,113992.93,115252.21,2.11634
2025-10-13 00:00:00,114910.0,115876.47,114705.19,114705.19,2.21841
2025-10-13 04:00:00,115056.65,115582.88,114427.79,115429.07,0.89493
2025-10-13 08:00:00,115421.84,115559.37,113843.34,114376.31,0.50684
2025-10-13 12:00:00,114375.89,115486.24,113866.01,114664.21,6.15011
2025-10-13 16:00:00,114178.97,115804.89,114178.97,115804.88,0.7962
2025-10-13 20:00:00,115804.66,115851.85,115061.42,115290.6,0.42992
2025-10-14 00:00:00,115285.38,115300.0,113246.01,113324.49,1.8847
2025-10-14 04:00:00,113596.85,113641.65,111414.81,111884.95,3.78824
2025-10-14 08:00:00,111416.19,112175.29,110125.0,111240.16,1.34291
2025-10-14 12:00:00,111240.26,112820.68,109843.95,112820.68,3.00482
2025-10-14 16:00:00,112837.13,113428.15,111735.6,112386.38,0.91925
2025-10-14 20:00:00,112388.91,113500.0,112309.14,113055.15,0.81524
2025-10-15 00:00:00,113355.98,114174.16,111936.14,112545.16,14.04414
2025-10-15 04:00:00,112637.54,114144.37,112000.05,113055.15,6.54821
2025-10-15 08:00:00,113054.53,115000.0,111960.0,111960.41,7.8321
2025-10-15 12:00:00,112429.01,112920.57,110720.32,111187.47,9.06462
2025-10-15 16:00:00,111186.9,112199.49,110192.0,111936.11,9.04318
2025-10-15 20:00:00,111931.75,112547.76,110706.12,111188.73,10.0323
2025-10-16 00:00:00,111188.68,111849.93,110373.0,111127.96,195.54638
2025-10-16 04:00:00,111128.04,111701.62,110626.66,110626.66,22.8246
2025-10-16 08:00:00,110932.52,111578.85,109687.6,111234.56,2.21624
2025-10-16 12:00:00,111449.26,111935.62,108421.01,108806.15,3.61261
2025-10-16 16:00:00,108805.25,109250.35,107659.69,108574.68,6.79758
2025-10-16 20:00:00,108505.65,108572.59,107518.4,107998.02,4.14254
2025-10-17 00:00:00,108288.43,109167.93,107911.15,109102.74,1.85708
2025-10-17 04:00:00,109123.45,109215.88,105623.0,105623.0,5.46376
2025-10-17 08:00:00,105623.0,106651.28,103800.0,105573.0,5.61917
2025-10-17 12:00:00,105849.1,106734.82,104678.08,106734.82,8.04483
2025-10-17 16:00:00,106745.38,107486.53,106108.76,106622.99,2.30279
2025-10-17 20:00:00,106620.04,107458.91,106330.68,106721.75,1.11694
2025-10-18 00:00:00,106715.43,107312.48,106368.11,106870.41,0.28487
2025-10-18 04:00:00,106877.63,107385.82,106440.02,106520.04,0.67683
2025-10-18 08:00:00,107056.89,107087.08,106581.0,107087.08,0.14859
2025-10-18 12:00:00,107225.43,107336.41,106758.0,107102.51,1.47957
2025-10-18 16:00:00,107100.69,107100.69,106501.2,106950.0,1.69071
2025-10-18 20:00:00,106847.39,107309.95,106753.93,106959.99,0.51567
2025-10-19 00:00:00,107207.1,107234.09,106714.08,107229.99,1.20966
2025-10-19 04:00:00,107233.77,107332.98,106620.0,106915.34,1.02421
2025-10-19 08:00:00,106914.09,108206.08,106108.0,107598.76,2.61617
2025-10-19 12:00:00,107787.21,108579.06,107386.67,108568.16,0.32439
2025-10-19 16:00:00,108566.68,109412.23,108258.8,108753.47,1.88048
2025-10-19 20:00:00,109155.2,109311.31,108452.65,108455.55,0.74312
2025-10-20 00:00:00,108820.95,110342.37,107466.61,110339.24,2.26491
2025-10-20 04:00:00,110335.03,111296.28,110000.03,111096.13,0.70789
2025-10-20 08:00:00,111286.41,111514.87,110626.66,110652.89,0.27067
2025-10-20 12:00:00,111010.17,111631.1,110626.67,111117.08,2.6783
2025-10-20 16:00:00,111117.09,111320.36,109806.85,110932.24,2.0485
2025-10-20 20:00:00,110928.9,111234.53,110444.12,110519.56,2.44061
2025-10-21 00:00:00,110475.46,110784.68,109141.39,109141.39,0.62892
2025-10-21 04:00:00,109117.46,109304.63,107519.26,108203.54,2.13337
2025-10-21 08:00:00,107835.89,108780.55,107519.06,108659.77,0.16918
2025-10-21 12:00:00,108658.57,113494.63,108000.0,113426.55,3.1797
2025-10-21 16:00:00,113473.03,113893.72,111375.43,111998.85,2.42079
2025-10-21 20:00:00,111643.37,111993.14,108130.0,108594.71,2.94802
2025-10-22 00:00:00,108329.95,108780.54,107770.34,108342.66,30.63774
2025-10-22 04:00:00,108342.66,108780.56,107689.83,108763.36,25.11689
2025-10-22 08:00:00,108708.26,108708.31,107072.1,108151.34,23.09837
2025-10-22 12:00:00,108150.4,109631.42,107578.98,108714.26,14.94595
2025-10-22 16:00:00,108714.22,108943.98,107519.06,107701.51,7.97219
2025-10-22 20:00:00,107702.98,108205.21,106745.4,107586.53,3.84677
2025-10-23 00:00:00,107586.56,108645.07,107486.95,108285.49,78.0192
2025-10-23 04:00:00,108281.58,110183.09,107857.31,109529.19,16.61192
2025-10-23 08:00:00,109144.24,109924.6,109080.51,109080.51,0.42018
2025-10-23 12:00:00,109454.36,110036.25,108716.1,109668.85,0.67894
2025-10-23 16:00:00,109999.93,111266.46,109698.14,110200.0,2.50798
2025-10-23 20:00:00,110351.69,110351.69,109360.0,110070.09,0.48
2025-10-24 00:00:00,110069.99,110756.79,110013.03,110615.57,0.30521
2025-10-24 04:00:00,110613.16,111400.0,110283.16,110668.73,3.81529
2025-10-24 08:00:00,110715.02,111399.34,110476.38,111026.21,0.48156
2025-10-24 12:00:00,110659.63,111935.97,109698.11,109922.83,0.72721
2025-10-24 16:00:00,110277.17,110887.47,109734.72,110859.5,0.5535
2025-10-24 20:00:00,110851.23,111036.19,110469.73,111030.0,0.80474
2025-10-25 00:00:00,110942.07,111089.09,110500.8,111084.22,0.54052
2025-10-25 04:00:00,111079.29,111642.19,110907.07,111411.72,0.42776
2025-10-25 08:00:00,111643.65,111714.29,111250.03,111344.38,0.06213
2025-10-25 12:00:00,111346.17,111882.18,111251.56,111637.92,0.15314
2025-10-25 16:00:00,111252.96,111877.33,111133.49,111666.34,0.37246
2025-10-25 20:00:00,111667.44,111692.35,111205.39,111683.45,0.06799
2025-10-26 00:00:00,111370.5,111880.67,111190.14,111190.14,0.30116
2025-10-26 04:00:00,111190.13,111704.67,111190.13,111529.83,0.16872
2025-10-26 08:00:00,111696.35,113375.44,111565.1,113049.31,0.73274
2025-10-26 12:00:00,113261.54,113893.73,113120.52,113699.67,0.55651
2025-10-26 16:00:00,113699.67,113738.23,113137.56,113459.26,0.71629
2025-10-26 20:00:00,113462.18,115281.19,112952.39,114687.19,2.50256
2025-10-27 00:00:00,114686.07,115447.51,114686.07,115122.6,0.90455
2025-10-27 04:00:00,115116.78,116266.27,114839.76,115609.59,1.60288
2025-10-27 08:00:00,115664.55,115664.55,114797.48,115529.65,0.50307
2025-10-27 12:00:00,115412.6,115527.15,114547.19,115023.55,1.06785
2025-10-27 16:00:00,114813.61,115784.49,114810.19,115075.47,0.74867
2025-10-27 20:00:00,114810.25,115071.37,113876.19,114210.0,0.73815
2025-10-28 00:00:00,113923.68,114544.99,113642.05,114055.11,1.05889
2025-10-28 04:00:00,114054.07,114260.86,113544.46,114075.7,0.20856
2025-10-28 08:00:00,114260.95,114585.0,114010.75,114568.32,0.18409
2025-10-28 12:00:00,114559.98,116000.0,114090.58,114822.9,3.68395
2025-10-28 16:00:00,114810.64,115584.12,113588.32,113588.34,0.76614
2025-10-28 20:00:00,113722.87,113722.87,112251.72,112858.98,2.08663
2025-10-29 00:00:00,112858.99,113090.77,112018.1,112606.76,1.20831
2025-10-29 04:00:00,112607.69,113447.07,112524.47,113447.07,0.45775
2025-10-29 08:00:00,113447.07,113539.57,112826.53,112899.7,0.12264
2025-10-29 12:00:00,113241.67,113616.07,111400.0,111599.45,2.18905
2025-10-29 16:00:00,111400.23,111892.87,109357.82,110813.98,8.06329
2025-10-29 20:00:00,110813.85,111783.94,109756.55,110145.05,0.61884
2025-10-30 00:00:00,110143.82,111000.0,109751.92,110575.97,0.5081
2025-10-30 04:00:00,110937.01,111544.84,108030.97,111321.41,1.79404
2025-10-30 08:00:00,111358.5,111358.53,109867.35,109983.76,0.221
2025-10-30 12:00:00,110090.6,110090.6,107400.85,107749.59,2.98882
2025-10-30 16:00:00,107503.16,108223.41,106451.01,106737.91,3.62696
2025-10-30 20:00:00,106737.45,108333.28,106306.83,108301.73,1.74233
2025-10-31 00:00:00,108333.27,109985.94,108297.24,108989.28,0.91469
2025-10-31 04:00:00,109197.26,110182.35,109197.26,109311.64,0.23941
2025-10-31 08:00:00,109667.93,110444.12,109311.33,110444.12,0.34895
2025-10-31 12:00:00,110443.9,111113.46,109433.66,110183.11,0.84638
2025-10-31 16:00:00,110183.1,110280.35,108609.42,109986.48,2.13173
2025-10-31 20:00:00,110014.72,110014.72,109330.42,109740.02,0.31401
2025-11-01 00:00:00,109739.4,110193.84,109368.37,109913.37,0.44316
2025-11-01 04:00:00,109923.44,110511.48,109923.44,109951.23,0.11897
2025-11-01 08:00:00,110235.62,110376.86,109857.93,110227.74,0.06113
2025-11-01 12:00:00,110219.11,110305.4,109734.79,110221.57,0.89731
2025-11-01 16:00:00,110008.52,110571.05,110008.49,110327.77,0.55142
2025-11-01 20:00:00,110325.6,110484.49,109876.62,110000.17,0.50883
2025-11-02 00:00:00,110180.35,110225.9,109857.69,109875.83,0.14456
2025-11-02 04:00:00,110093.3,110996.79,109880.92,110995.64,0.19459
2025-11-02 08:00:00,110995.15,111222.67,110282.56,111222.67,0.26953
2025-11-02 12:00:00,111222.36,111234.51,110183.1,110183.1,0.13978
2025-11-02 16:00:00,110198.25,110422.0,109748.18,110236.59,0.15648
2025-11-02 20:00:00,109903.25,110675.77,109500.0,110675.77,0.4338
2025-11-03 00:00:00,110719.97,110750.32,107991.3,108219.71,1.94814
2025-11-03 04:00:00,107949.66,108209.77,107098.19,107472.43,0.8837
2025-11-03 08:00:00,107472.49,107979.89,106845.2,107833.33,1.45284
2025-11-03 12:00:00,107931.27,108270.8,105721.52,105757.41,7.54478
2025-11-03 16:00:00,105756.95,107699.9,105352.99,107385.2,3.26574
2025-11-03 20:00:00,107062.18,107364.28,105847.53,106350.88,7.06799
2025-11-04 00:00:00,106352.22,107278.39,105866.1,107178.8,0.95158
2025-11-04 04:00:00,107254.42,107254.42,104244.54,104620.99,1.54755
2025-11-04 08:00:00,104611.61,104680.77,103649.88,104402.52,3.26115
2025-11-04 12:00:00,104669.61,104791.96,102989.7,103256.4,2.14347
2025-11-04 16:00:00,103527.18,103554.7,100000.02,100426.87,22.41475
2025-11-04 20:00:00,100427.9,101800.35,99000.03,101752.18,8.23716
2025-11-05 00:00:00,101380.85,102240.71,99000.0,102238.9,5.6323
2025-11-05 04:00:00,102238.64,102313.07,101532.81,102174.44,1.45591
2025-11-05 08:00:00,102092.62,102133.6,101245.68,102114.79,0.45133
2025-11-05 12:00:00,102114.35,103802.14,101794.47,103486.18,6.45322
2025-11-05 16:00:00,103802.05,104476.05,103088.5,104013.58,2.7473
2025-11-05 20:00:00,104060.37,104500.0,103262.82,104097.61,1.0127
2025-11-06 00:00:00,103816.47,104096.36,102732.44,103857.95,0.87032
2025-11-06 04:00:00,103831.03,104126.07,102981.97,103303.21,3.68011
2025-11-06 08:00:00,103297.45,103454.49,102692.93,103270.0,0.21082
2025-11-06 12:00:00,103324.76,103582.53,101578.78,102050.0,3.43531
2025-11-06 16:00:00,102050.0,102363.85,100380.68,101510.91,2.38983
2025-11-06 20:00:00,101672.28,101672.28,100511.85,101449.54,1.53527
2025-11-07 00:00:00,101444.75,102344.33,100727.55,101918.96,1.08457
2025-11-07 04:00:00,101885.43,102464.22,101525.18,102088.44,1.11714
2025-11-07 08:00:00,102082.24,102082.24,99809.76,100574.91,1.31289
2025-11-07 12:00:00,100570.63,101156.46,99301.26,101142.82,6.10123
2025-11-07 16:00:00,100831.84,103344.84,100592.28,103344.84,3.55382
2025-11-07 20:00:00,103115.99,104037.99,102915.68,103700.0,0.86934
2025-11-08 00:00:00,103364.1,103595.71,102618.04,102618.11,1.15654
2025-11-08 04:00:00,102963.4,102963.4,101939.8,102398.17,0.80146
2025-11-08 08:00:00,102095.34,102640.47,101757.24,102168.71,0.24361
2025-11-08 12:00:00,102166.03,102255.18,101512.3,101858.6,0.61297
2025-11-08 16:00:00,101857.72,102245.64,101548.12,102163.82,0.74148
2025-11-08 20:00:00,102160.52,102494.56,101822.78,102473.99,0.32788
2025-11-09 00:00:00,102472.89,102472.89,101419.94,101769.55,0.61906
2025-11-09 04:00:00,101501.07,102115.74,101501.07,101750.0,0.28252
2025-11-09 08:00:00,102010.36,102335.37,101526.28,102322.17,0.36343
2025-11-09 12:00:00,102340.54,104102.52,101935.31,103812.12,0.6748
2025-11-09 16:00:00,103681.16,104760.54,103350.13,104760.54,1.50326
2025-11-09 20:00:00,104760.54,105499.99,104126.44,104904.38,1.4205
2025-11-10 00:00:00,104900.18,106633.78,104371.8,106182.88,4.00395
2025-11-10 04:00:00,105901.77,106603.55,105809.87,106339.6,2.95053
2025-11-10 08:00:00,106599.52,106632.09,105866.98,106301.75,0.22353
2025-11-10 12:00:00,106336.41,106594.39,104606.94,104719.04,2.75719
2025-11-10 16:00:00,105101.63,106108.68,104776.82,105968.07,1.98401
2025-11-10 20:00:00,106024.85,106291.76,105311.0,106194.85,0.39963
2025-11-11 00:00:00,105934.44,107428.72,105596.29,106512.08,1.63036
2025-11-11 04:00:00,106636.92,106636.92,104811.33,105106.29,0.51929
2025-11-11 08:00:00,104760.69,105475.34,104760.69,105201.12,0.28136
2025-11-11 12:00:00,105462.36,105475.86,103250.0,103648.0,1.87483
2025-11-11 16:00:00,103460.39,103728.87,102926.52,103204.48,2.101
2025-11-11 20:00:00,103416.69,103416.69,102500.04,103208.79,1.34714
2025-11-12 00:00:00,103204.83,103456.65,102864.74,103438.1,0.36386
2025-11-12 04:00:00,103434.49,103610.87,103053.04,103225.0,0.68016
2025-11-12 08:00:00,103390.25,105176.61,103118.99,105036.35,0.73752
2025-11-12 12:00:00,105075.42,105311.48,102000.0,102349.83,1.28493
2025-11-12 16:00:00,102348.06,102348.06,100850.0,101475.6,1.77094
2025-11-12 20:00:00,101468.53,102005.88,101119.15,101783.24,0.40088
2025-11-13 00:00:00,101680.01,102571.33,101010.95,102255.67,1.10165
2025-11-13 04:00:00,102155.25,104022.2,101757.22,103322.7,1.46077
2025-11-13 08:00:00,103570.46,103813.87,102571.53,103141.75,0.56428
2025-11-13 12:00:00,103140.9,103362.87,101262.26,101262.26,1.80339
2025-11-13 16:00:00,101507.12,101508.57,98250.0,98768.47,13.72511
2025-11-13 20:00:00,98929.33,100546.95,98066.09,99943.75,2.88949
2025-11-14 00:00:00,99943.16,99943.16,98758.69,99164.86,1.89747
2025-11-14 04:00:00,99164.68,99274.05,96064.55,97305.48,7.31339
2025-11-14 08:00:00,97249.81,97580.28,95848.52,96237.91,1.17989
2025-11-14 12:00:00,96095.38,97260.65,94647.07,96681.04,4.16386
2025-11-14 16:00:00,97048.36,97428.43,94904.21,95522.16,7.20713
2025-11-14 20:00:00,95837.81,95938.98,94106.25,94740.41,3.35408
2025-11-15 00:00:00,94395.35,96763.37,94395.35,96445.76,1.13298
2025-11-15 04:00:00,96445.54,96568.32,95939.04,96365.21,0.90432
2025-11-15 08:00:00,96082.16,96380.44,95673.09,95673.09,0.38346
2025-11-15 12:00:00,95636.58,96512.94,95544.68,96439.13,0.80532
2025-11-15 16:00:00,96437.16,96438.62,95698.32,96156.85,0.71786
2025-11-15 20:00:00,96156.3,96156.3,95200.0,95519.21,0.59911
2025-11-16 00:00:00,95530.85,95983.28,94969.48,95903.38,0.85525
2025-11-16 04:00:00,95860.15,96185.96,95602.77,96173.57,0.32712
2025-11-16 08:00:00,96186.21,96715.83,95630.64,95630.64,0.32047
2025-11-16 12:00:00,95799.98,96022.73,94499.44,94773.08,2.45769
2025-11-16 16:00:00,94773.25,95529.47,93854.38,94288.16,2.53234
2025-11-16 20:00:00,94276.89,94796.65,93000.01,94299.99,2.32302
2025-11-17 00:00:00,94290.56,95530.43,93831.63,95217.82,1.22283
2025-11-17 04:00:00,95526.44,95848.36,94878.4,95847.13,0.55144
2025-11-17 08:00:00,95839.01,95948.9,95276.95,95341.67,0.367
2025-11-17 12:00:00,95680.56,95948.96,93582.41,94181.03,4.45298
2025-11-17 16:00:00,94000.0,94373.92,91647.35,91933.46,8.44922
2025-11-17 20:00:00,91933.41,92449.23,91325.11,92271.38,6.11726
2025-11-18 00:00:00,92015.16,92345.5,89489.6,90876.36,15.55922
2025-11-18 04:00:00,90597.97,90874.44,89365.82,90528.03,2.72329
2025-11-18 08:00:00,90525.35,91587.13,90479.23,91327.5,0.90626
2025-11-18 12:00:00,91566.2,92999.99,90987.51,92979.78,2.43383
2025-11-18 16:00:00,92949.71,93790.0,92555.25,93024.28,3.2087
2025-11-18 20:00:00,93261.87,93455.08,92469.29,92944.17,3.68599
2025-11-19 00:00:00,92730.02,92939.17,91726.03,91964.44,1.42814
2025-11-19 04:00:00,92102.12,92102.12,90000.03,91969.6,2.80311
2025-11-19 08:00:00,91964.96,91964.96,91144.65,91582.09,0.3527
2025-11-19 12:00:00,91575.47,92360.9,89915.86,90147.98,1.10181
2025-11-19 16:00:00,90148.31,90362.3,88677.12,88840.51,6.30572
2025-11-19 20:00:00,88840.67,91524.86,88622.68,91240.41,4.84268
2025-11-20 00:00:00,91533.42,92794.96,91299.93,92429.59,2.70276
2025-11-20 04:00:00,92429.12,93102.64,91707.55,92466.21,1.64862
2025-11-20 08:00:00,92457.58,92457.58,91457.0,91997.91,0.50988
2025-11-20 12:00:00,91996.58,92360.9,89892.53,89892.53,1.17811
2025-11-20 16:00:00,89892.53,90087.81,86146.12,86801.95,12.39534
2025-11-20 20:00:00,87097.48,88348.69,86441.18,87062.01,11.54057
2025-11-21 00:00:00,86808.65,87622.16,85501.0,85888.83,5.84565
2025-11-21 04:00:00,86090.75,86465.97,84035.97,84276.29,8.5325
2025-11-21 08:00:00,84294.97,84683.78,81781.21,82507.56,4.48932
2025-11-21 12:00:00,82507.86,85500.0,80811.38,83118.16,6.60752
2025-11-21 16:00:00,82784.38,85549.67,82325.14,84389.21,2.44331
2025-11-21 20:00:00,84387.54,85517.71,83652.11,85003.21,18.79887
2025-11-22 00:00:00,85004.36,85572.35,84185.11,84609.32,2.06176
2025-11-22 04:00:00,84608.16,84795.49,83919.79,84722.86,1.28737
2025-11-22 08:00:00,84725.87,84725.87,83571.96,84122.86,0.21872
2025-11-22 12:00:00,84304.83,84729.88,83573.73,84241.8,1.61366
2025-11-22 16:00:00,84455.07,84874.64,84311.42,84545.44,0.38635
2025-11-22 20:00:00,84778.09,85251.54,84176.33,84670.71,1.09419
2025-11-23 00:00:00,84890.99,86347.0,84636.8,86259.99,2.04099
2025-11-23 04:00:00,86320.1,86860.74,85500.0,85726.66,2.87722
2025-11-23 08:00:00,85871.4,86500.0,85596.09,86130.57,0.6587
2025-11-23 12:00:00,86435.95,87198.11,86328.43,87155.48,1.41783
2025-11-23 16:00:00,87155.48,87662.43,86580.6,87314.51,1.99039
2025-11-23 20:00:00,87551.53,88141.12,86767.06,86982.78,3.36384
2025-11-24 00:00:00,86983.02,88087.04,85980.21,87487.59,3.46795
2025-11-24 04:00:00,87556.65,87785.68,86432.49,86977.5,0.91572
2025-11-24 08:00:00,86954.51,87133.94,85715.68,86475.93,1.09743
2025-11-24 12:00:00,86219.48,86719.5,85352.71,86647.74,3.03387
2025-11-24 16:00:00,86677.84,88887.96,86677.84,88608.95,5.53015
2025-11-24 20:00:00,88608.57,89239.96,88312.49,88512.08,2.35904
2025-11-25 00:00:00,88312.39,88510.85,87427.43,87960.08,1.652
2025-11-25 04:00:00,87560.1,88492.15,87361.52,87361.97,0.31969
2025-11-25 08:00:00,87598.74,87664.1,86627.54,87548.07,0.31682
2025-11-25 12:00:00,87535.49,87777.24,86212.12,87077.44,5.86783
2025-11-25 16:00:00,87077.44,88199.4,86212.12,86825.24,0.88075
2025-11-25 20:00:00,86884.15,87891.21,86580.82,87573.26,3.85891
2025-11-26 00:00:00,87331.92,88220.64,87068.61,87068.61,0.57125
2025-11-26 04:00:00,87290.03,87952.88,86915.21,87952.88,0.46766
2025-11-26 08:00:00,87990.29,87990.29,86716.78,87153.26,0.07018
2025-11-26 12:00:00,87258.0,87645.36,86354.66,87000.0,1.16633
2025-11-26 16:00:00,87157.8,90436.9,87156.97,90125.41,5.03484
2025-11-26 20:00:00,90123.36,90600.57,89480.71,90577.72,4.55179
2025-11-27 00:00:00,90574.6,91945.46,90144.7,91139.75,3.63807
2025-11-27 04:00:00,91302.59,91599.63,90910.53,91405.89,1.04941
2025-11-27 08:00:00,91346.13,91917.72,91231.35,91562.82,1.58302
2025-11-27 12:00:00,91543.06,91543.06,90490.59,91029.64,0.51341
2025-11-27 16:00:00,90890.62,91816.88,90820.97,91749.37,0.48247
2025-11-27 20:00:00,91505.04,91746.86,91192.54,91452.2,0.52822
2025-11-28 00:00:00,91268.49,91513.8,90729.47,91148.67,0.44914
2025-11-28 04:00:00,91327.01,91749.87,90910.52,90910.52,0.2104
2025-11-28 08:00:00,91188.21,91981.87,90914.7,91420.65,1.54391
2025-11-28 12:00:00,91436.51,93068.58,91387.31,92547.79,1.65797
2025-11-28 16:00:00,92546.4,92546.4,90242.93,91224.99,2.48582
2025-11-28 20:00:00,91221.17,91234.55,90729.52,90921.52,0.79573
2025-11-29 00:00:00,90804.65,91110.44,90572.1,90664.88,1.52013
2025-11-29 04:00:00,90834.85,90993.51,90368.49,90602.93,0.60373
2025-11-29 08:00:00,90670.14,90770.15,90368.32,90475.91,0.10278
2025-11-29 12:00:00,90736.61,91134.74,90482.12,90875.33,0.2202
2025-11-29 16:00:00,90888.69,91158.03,90211.71,90786.12,1.20571
2025-11-29 20:00:00,90781.72,91061.13,90335.44,90878.9,1.47607
2025-11-30 00:00:00,90868.68,91065.8,90445.28,90668.77,0.41164
2025-11-30 04:00:00,90972.99,91020.35,90631.69,91016.33,0.4639
2025-11-30 08:00:00,91018.13,91579.55,90871.98,91022.64,0.39866
2025-11-30 12:00:00,91023.61,91970.37,91023.61,91629.63,0.46169
2025-11-30 16:00:00,91352.08,91884.73,91192.54,91300.65,0.88848
2025-11-30 20:00:00,91466.78,91611.0,90419.25,90589.87,0.93211
2025-12-01 00:00:00,90368.32,90586.46,86207.82,86507.52,7.41609
2025-12-01 04:00:00,86505.56,86578.07,85678.82,86575.45,2.11249
2025-12-01 08:00:00,86579.5,86919.16,86205.53,86205.53,0.21986
2025-12-01 12:00:00,86105.8,86647.98,83876.63,84807.87,6.01973
2025-12-01 16:00:00,84502.32,85540.9,84030.65,85058.13,4.52785
2025-12-01 20:00:00,85059.09,86884.14,85059.09,86249.78,1.48082
2025-12-02 00:00:00,86499.16,87309.8,86205.75,87001.0,2.07602
2025-12-02 04:00:00,87052.08,87258.23,86846.53,86962.84,0.37832
2025-12-02 08:00:00,87097.62,87574.46,86386.76,87229.49,0.46845
2025-12-02 12:00:00,87565.39,91150.11,87120.61,90962.2,3.11159
2025-12-02 16:00:00,91106.24,92211.29,90269.18,92172.84,4.5168
2025-12-02 20:00:00,92086.37,92086.37,90748.67,91550.01,0.75075
2025-12-03 00:00:00,91264.68,93024.11,91037.58,92659.99,6.28435
2025-12-03 04:00:00,92816.52,93928.41,92730.21,93126.26,2.15005
2025-12-03 08:00:00,93117.34,93368.21,92641.7,93111.97,1.45644
2025-12-03 12:00:00,93109.52,93599.65,91748.29,92394.65,1.53357
2025-12-03 16:00:00,92639.23,93543.21,91917.79,93068.47,0.99736
2025-12-03 20:00:00,92818.22,94093.38,92797.21,93747.41,1.03975
2025-12-04 00:00:00,93414.85,94068.87,92695.39,93759.54,3.02763
2025-12-04 04:00:00,93419.86,93751.39,92743.55,93441.73,0.34205
2025-12-04 08:00:00,93440.57,93669.61,92811.54,92812.94,0.14312
2025-12-04 12:00:00,93027.48,93255.36,91809.52,93062.5,2.60339
2025-12-04 16:00:00,93060.44,93190.31,90932.86,91769.32,3.86589
2025-12-04 20:00:00,92082.42,92679.84,91731.4,92125.79,0.55374
2025-12-05 00:00:00,92291.3,92669.99,92005.81,92005.81,0.36673
2025-12-05 04:00:00,92042.4,92467.6,91854.64,92101.13,1.05858
2025-12-05 08:00:00,92415.78,92415.78,90963.37,91408.4,0.58872
2025-12-05 12:00:00,91405.47,91533.64,89970.27,90283.24,2.01034
2025-12-05 16:00:00,90285.23,90580.64,88148.23,89803.12,3.44958
2025-12-05 20:00:00,89796.6,89796.6,88907.25,89094.11,0.59238
2025-12-06 00:00:00,89395.49,89805.01,88979.68,89532.22,0.97634
2025-12-06 04:00:00,89755.88,89806.02,89500.04,89685.26,0.09892
2025-12-06 08:00:00,89682.18,89748.45,89213.59,89734.18,0.13788
2025-12-06 12:00:00,89730.0,90234.24,89459.42,89938.95,0.62866
2025-12-06 16:00:00,89934.27,90067.69,89265.27,89288.34,0.30167
2025-12-06 20:00:00,89528.3,89635.38,88939.05,89422.79,1.89951
2025-12-07 00:00:00,89416.57,89744.44,89047.52,89559.07,0.14323
2025-12-07 04:00:00,89744.43,89810.22,89214.96,89504.97,0.09348
2025-12-07 08:00:00,89489.52,89548.5,89091.59,89104.97,0.0835
2025-12-07 12:00:00,89335.86,89699.28,87784.33,89699.28,1.1745
2025-12-07 16:00:00,89687.47,91707.55,89170.07,91506.1,1.92946
2025-12-07 20:00:00,91538.82,91565.37,89106.03,90419.25,1.91981
2025-12-08 00:00:00,90233.88,91691.52,89880.18,91233.09,0.79394
2025-12-08 04:00:00,91230.6,91805.32,90911.14,91747.95,0.23142
2025-12-08 08:00:00,91704.09,92257.78,91617.57,91979.6,0.30988
2025-12-08 12:00:00,91999.39,92217.03,89675.81,90267.19,2.45431
2025-12-08 16:00:00,90192.36,90509.99,89676.62,90110.16,0.92985
2025-12-08 20:00:00,90347.57,91436.79,90118.26,90817.84,2.34497
2025-12-09 00:00:00,90551.18,90898.54,89886.91,90419.25,0.1806
2025-12-09 04:00:00,90498.46,90580.47,89510.8,90505.45,2.23335
2025-12-09 08:00:00,90631.29,90631.29,90000.0,90385.46,0.0781
2025-12-09 12:00:00,90488.49,92817.36,90079.58,92549.41,25.04776
2025-12-09 16:00:00,92817.36,94629.02,92744.87,94044.33,7.29211
2025-12-09 20:00:00,93948.35,93948.35,92360.9,92974.58,0.98031
2025-12-10 00:00:00,92572.99,92874.44,92004.69,92400.0,0.49651
2025-12-10 04:00:00,92444.78,92754.49,92350.25,92754.49,0.46979
2025-12-10 08:00:00,92792.28,93213.63,91809.46,92128.48,1.91423
2025-12-10 12:00:00,91895.19,92232.84,91599.99,92078.23,0.84823
2025-12-10 16:00:00,92112.98,93190.42,91820.15,93092.92,3.58176
2025-12-10 20:00:00,93086.36,94491.53,91917.79,91946.89,6.51181
2025-12-11 00:00:00,91951.14,92191.29,89457.24,89800.29,2.00572
2025-12-11 04:00:00,89800.0,90553.74,89669.79,90310.14,0.45462
2025-12-11 08:00:00,90302.87,90522.35,89939.89,90369.67,0.03635
2025-12-11 12:00:00,90128.84,90552.31,89339.11,89971.66,1.78587
2025-12-11 16:00:00,89968.73,91455.96,89363.37,90748.61,4.14696
2025-12-11 20:00:00,91050.13,93496.9,90750.46,92596.49,1.83854
2025-12-12 00:00:00,92593.75,92715.7,91500.41,92391.12,2.3472
2025-12-12 04:00:00,92378.65,92694.99,92085.35,92511.82,0.37357
2025-12-12 08:00:00,92506.49,92657.1,92120.34,92440.78,0.25227
2025-12-12 12:00:00,92437.87,92623.51,89744.45,89744.49,2.05882
2025-12-12 16:00:00,89746.86,90631.83,89521.4,90077.53,4.66726
2025-12-12 20:00:00,90315.43,90461.36,89942.78,90294.75,0.92383
2025-12-13 00:00:00,90366.99,90463.41,90127.77,90448.56,2.5609
2025-12-13 04:00:00,90269.74,90446.92,90217.71,90333.05,0.18707
2025-12-13 08:00:00,90403.41,90681.45,90339.05,90387.01,0.07576
2025-12-13 12:00:00,90525.96,90677.81,89985.12,90242.05,0.32134
2025-12-13 16:00:00,90236.31,90316.88,89951.17,90278.53,1.6105
2025-12-13 20:00:00,90277.68,90319.58,89822.51,90298.85,0.83024
2025-12-14 00:00:00,90298.72,90463.27,89947.14,90317.46,0.71984
2025-12-14 04:00:00,90317.46,90381.89,89975.04,90066.24,0.10169
2025-12-14 08:00:00,90343.44,90343.44,88784.97,89487.74,0.57592
2025-12-14 12:00:00,89423.63,89654.96,88908.91,88942.4,3.7964
2025-12-14 16:00:00,88950.25,89444.97,88537.08,88735.49,5.52431
2025-12-14 20:00:00,88541.28,88892.51,87645.64,88314.15,3.25558
2025-12-15 00:00:00,88310.63,89998.24,88073.3,89215.55,3.7589
2025-12-15 04:00:00,89222.72,89888.43,89222.72,89577.23,0.92689
2025-12-15 08:00:00,89854.84,89999.85,89545.49,89620.0,0.32692
2025-12-15 12:00:00,89775.57,89810.37,86627.45,87119.32,4.16828
2025-12-15 16:00:00,87117.31,87322.22,85111.26,86313.76,5.18336
2025-12-15 20:00:00,86284.57,86543.55,85555.6,86486.12,2.27344
2025-12-16 00:00:00,86379.42,86579.12,85357.64,85899.91,1.18693
2025-12-16 04:00:00,85899.32,86575.36,85248.37,86085.09,1.01046
2025-12-16 08:00:00,85957.54,87312.34,85957.52,87312.34,0.43854
2025-12-16 12:00:00,87312.37,88111.1,86064.08,87773.01,1.51084
2025-12-16 16:00:00,87639.21,88011.11,87000.01,87753.53,0.55191
2025-12-16 20:00:00,87747.99,87946.35,87305.02,87630.85,1.86435
2025-12-17 00:00:00,87877.6,87952.83,87174.99,87232.66,1.84584
2025-12-17 04:00:00,87388.95,87388.95,86212.22,87074.38,0.54444
2025-12-17 08:00:00,86877.26,87093.55,86205.72,87086.05,0.66449
2025-12-17 12:00:00,87099.85,90268.05,86865.69,87469.85,7.40833
2025-12-17 16:00:00,87222.79,87778.38,85336.0,86128.11,6.79462
2025-12-17 20:00:00,86127.31,86499.14,85630.63,86283.3,0.99688
2025-12-18 00:00:00,86283.19,86859.05,85846.53,86743.88,1.86541
2025-12-18 04:00:00,86738.82,86883.6,86389.81,86834.12,0.17786
2025-12-18 08:00:00,86851.0,87416.88,86538.24,87287.47,0.1907
2025-12-18 12:00:00,87410.02,89494.76,87029.86,88603.57,5.55706
2025-12-18 16:00:00,88492.17,88602.32,84608.01,84608.02,6.58658
2025-12-18 20:00:00,84608.01,85828.17,84583.57,85300.0,1.15181
2025-12-19 00:00:00,85563.43,87512.22,85185.26,86747.24,0.99227
2025-12-19 04:00:00,87025.7,88448.85,86636.93,87988.92,1.09023
2025-12-19 08:00:00,87986.57,88393.52,87700.73,88345.69,0.20138
2025-12-19 12:00:00,88329.17,89337.52,87672.23,87790.64,3.56635
2025-12-19 16:00:00,87793.84,88838.68,86915.84,87774.23,0.90706
2025-12-19 20:00:00,88060.44,88378.47,87774.59,88196.84,0.82088
2025-12-20 00:00:00,88199.54,88376.54,87928.67,88329.17,0.27894
2025-12-20 04:00:00,88324.17,88548.26,88070.12,88383.31,0.08827
2025-12-20 08:00:00,88370.27,88441.03,88064.35,88404.48,0.02223
2025-12-20 12:00:00,88394.76,88402.86,87902.99,87995.21,0.1966
2025-12-20 16:00:00,88254.14,88398.04,87937.69,88247.24,0.75554
2025-12-20 20:00:00,88246.54,88437.48,88098.32,88394.5,0.26795
2025-12-21 00:00:00,88394.22,88394.26,87872.82,88122.53,0.97584
2025-12-21 04:00:00,88120.85,88248.78,87948.04,88151.07,0.51625
2025-12-21 08:00:00,88210.7,89044.73,88206.05,88667.62,0.20536
2025-12-21 12:00:00,88659.93,88903.49,87650.0,88276.05,0.50197
2025-12-21 16:00:00,88255.88,88619.04,87937.19,88464.63,0.37477
2025-12-21 20:00:00,88607.32,88774.76,88090.21,88656.95,0.47489
2025-12-22 00:00:00,88657.31,89590.01,87988.94,88829.88,6.98281
2025-12-22 04:00:00,88829.88,89215.98,88701.3,89201.87,0.18978
2025-12-22 08:00:00,89264.53,90000.0,89176.24,90000.0,4.6448
2025-12-22 12:00:00,89989.51,90500.0,89208.55,89758.46,7.96547
2025-12-22 16:00:00,89810.37,90135.32,88000.02,88000.02,1.91635
2025-12-22 20:00:00,88121.84,88827.42,87955.14,88304.51,1.3112
2025-12-23 00:00:00,88601.69,88900.57,87824.85,88275.0,0.43099
2025-12-23 04:00:00,88345.16,88346.57,87079.46,87652.55,1.26886
2025-12-23 08:00:00,87528.0,87907.23,87258.74,87857.08,0.17194
2025-12-23 12:00:00,87871.46,87926.94,86611.31,87263.11,2.70778
2025-12-23 16:00:00,87544.83,88281.13,87190.87,87614.08,1.61014
2025-12-23 20:00:00,87915.3,88323.46,87150.43,87328.71,1.31041
2025-12-24 00:00:00,87600.71,87873.03,86916.67,87431.25,1.21242
2025-12-24 04:00:00,87427.05,87480.51,86824.76,87257.65,0.18291
2025-12-24 08:00:00,87138.48,87318.97,86773.99,87119.21,0.03988
2025-12-24 12:00:00,87124.63,87444.3,86499.44,87154.34,2.07215
2025-12-24 16:00:00,86854.09,87639.64,86854.09,87569.6,0.41839
2025-12-24 20:00:00,87569.61,88137.63,87418.93,87826.28,2.38778
2025-12-25 00:00:00,87652.01,88072.88,87603.9,87991.37,3.09095
2025-12-25 04:00:00,87979.65,87979.65,87676.31,87901.55,0.59671
2025-12-25 08:00:00,87935.48,87937.55,87279.26,87604.09,0.05151
2025-12-25 12:00:00,87602.54,88591.99,87384.91,88301.87,0.43634
2025-12-25 16:00:00,88503.5,88578.06,88000.08,88267.16,0.29506
2025-12-25 20:00:00,88098.87,88267.1,87020.76,87460.82,0.76781
2025-12-26 00:00:00,87080.44,89410.9,86968.67,88946.76,1.40583
2025-12-26 04:00:00,88941.03,89512.3,88313.88,88630.11,0.78022
2025-12-26 08:00:00,88624.35,88900.51,88319.37,88767.22,0.06771
2025-12-26 12:00:00,88633.98,89062.5,86748.15,87252.08,0.9056
2025-12-26 16:00:00,87155.85,87542.68,86900.01,87542.07,0.56176
2025-12-26 20:00:00,87540.19,87928.78,87273.71,87338.29,0.33911
2025-12-27 00:00:00,87488.46,87560.5,87274.76,87560.5,0.7626
2025-12-27 04:00:00,87560.49,87775.43,87420.96,87681.33,0.64828
2025-12-27 08:00:00,87666.73,87757.64,87350.83,87453.17,0.13622
2025-12-27 12:00:00,87698.72,87700.31,87333.68,87642.78,0.28199
2025-12-27 16:00:00,87642.15,87651.11,87407.37,87541.51,0.58213
2025-12-27 20:00:00,87634.88,87931.94,87499.41,87931.94,0.45423
2025-12-28 00:00:00,87708.15,87963.3,87705.92,87818.05,1.13941
2025-12-28 04:00:00,87720.91,87885.82,87527.18,87768.35,0.23194
2025-12-28 08:00:00,87768.24,87990.36,87658.58,87907.8,0.26764
2025-12-28 12:00:00,87907.43,88067.4,87721.82,87986.3,0.17303
2025-12-28 16:00:00,87961.23,88012.67,87498.03,87505.52,0.78635
2025-12-28 20:00:00,87635.83,88046.09,87483.78,87724.87,0.37127
2025-12-29 00:00:00,87971.99,90087.54,87745.07,90087.48,5.19827
2025-12-29 04:00:00,90123.33,90340.42,89414.34,89646.99,2.85954
2025-12-29 08:00:00,89501.76,89820.69,87600.01,87825.36,0.6558
2025-12-29 12:00:00,87604.88,88215.74,86809.06,87596.32,3.50451
2025-12-29 16:00:00,87770.13,87950.36,87378.01,87378.01,0.77154
2025-12-29 20:00:00,87378.01,87727.32,87082.8,87200.26,0.77151
2025-12-30 00:00:00,87341.49,87470.28,86842.37,87416.87,0.37838
2025-12-30 04:00:00,87331.82,87594.38,87124.75,87524.75,0.33495
2025-12-30 08:00:00,87605.57,88192.3,87393.78,87874.64,0.35146
2025-12-30 12:00:00,88022.51,89108.11,87690.8,89108.11,2.09196
2025-12-30 16:00:00,88792.14,89337.52,88015.76,88187.55,10.65555
2025-12-30 20:00:00,88377.51,88582.23,87900.02,88432.11,0.89062
2025-12-31 00:00:00,88544.43,88824.13,88175.99,88623.24,4.52456
2025-12-31 04:00:00,88605.14,88633.38,88323.76,88633.32,1.4125
2025-12-31 08:00:00,88635.52,88915.38,88401.0,88915.38,1.18181
2025-12-31 12:00:00,89000.0,89111.76,87820.29,88044.68,2.82406
2025-12-31 16:00:00,88041.04,88041.04,87444.31,87852.98,3.80516
2025-12-31 20:00:00,87574.01,87925.96,87324.16,87709.88,3.43527
2026-01-01 00:00:00,87699.89,88002.07,87510.74,87945.23,1.87551
2026-01-01 04:00:00,87938.21,87938.21,87496.63,87676.75,3.05785
2026-01-01 08:00:00,87676.42,87979.76,87510.46,87970.98,0.36719
2026-01-01 12:00:00,87717.24,88068.44,87717.24,87840.25,0.59575
2026-01-01 16:00:00,88048.78,88492.06,87763.51,88377.56,1.76154
2026-01-01 20:00:00,88374.12,88879.31,88023.81,88872.33,0.67149
2026-01-02 00:00:00,88878.3,89650.0,88422.7,89532.69,41.65047
2026-01-02 04:00:00,89115.04,89840.0,88507.73,88756.83,189.35629
2026-01-02 08:00:00,88762.79,90240.0,88700.5,89828.44,224.13018
2026-01-02 12:00:00,89445.9,90500.0,88839.09,89623.35,75.01727
2026-01-02 16:00:00,89331.68,91000.0,89251.86,90028.18,38.53883
2026-01-02 20:00:00,90206.75,90374.99,89791.56,89945.17,3.33934
2026-01-03 00:00:00,90154.24,90364.93,89691.83,90023.86,62.38703
2026-01-03 04:00:00,90294.53,90374.48,89312.01,89558.82,30.40739
2026-01-03 08:00:00,89558.38,89996.82,89442.65,89798.13,1.49643
2026-01-03 12:00:00,89794.91,90213.06,89583.24,90128.69,0.59259
2026-01-03 16:00:00,90126.27,90215.1,89932.56,90161.61,1.73063
2026-01-03 20:00:00,90158.87,90729.46,90005.75,90711.43,2.85165
2026-01-04 00:00:00,90489.46,91500.0,90488.98,91020.87,11.42176
2026-01-04 04:00:00,91319.29,91766.74,91032.08,91579.45,10.89435
2026-01-04 08:00:00,91577.87,91678.45,91203.6,91312.01,1.2251
2026-01-04 12:00:00,91482.2,91604.94,91069.35,91345.29,0.25756
2026-01-04 16:00:00,91159.98,91499.94,90875.28,91206.63,1.8592
2026-01-04 20:00:00,91203.75,91524.35,90946.37,91500.0,1.42251
2026-01-05 00:00:00,91524.4,93880.0,91524.4,93317.39,44.27597
2026-01-05 04:00:00,92968.46,94400.0,92241.67,92853.4,23.54333
2026-01-05 08:00:00,92850.92,94400.0,92494.43,93446.82,23.4711
2026-01-05 12:00:00,93442.08,94775.63,92695.38,94507.45,20.84536
2026-01-05 16:00:00,94384.93,95500.0,93584.96,94608.15,11.00763
2026-01-05 20:00:00,94607.9,94882.51,93833.49,94114.96,5.00319
2026-01-06 00:00:00,94114.41,94150.31,93579.53,93952.14,1.08664
2026-01-06 04:00:00,93942.46,93988.22,93191.75,93433.15,0.8672
2026-01-06 08:00:00,93182.52,93902.54,93182.51,93902.54,0.10077
2026-01-06 12:00:00,93901.85,94405.82,93389.85,93605.38,1.28162
2026-01-06 16:00:00,93666.12,93734.5,91337.32,92100.0,2.87695
2026-01-06 20:00:00,92352.91,93811.03,92105.56,93794.39,1.37534
2026-01-07 00:00:00,93798.25,93798.26,92257.86,92514.67,27.62758
2026-01-07 04:00:00,92514.73,92964.58,92397.3,92536.4,46.26509
2026-01-07 08:00:00,92805.52,92961.88,91582.86,92231.23,17.93182
2026-01-07 12:00:00,92092.32,92256.42,91144.72,91473.0,3.05325
2026-01-07 16:00:00,91279.76,91707.55,90800.0,91310.02,1.68056
2026-01-07 20:00:00,91308.1,91448.97,90808.15,91400.76,0.48172
2026-01-08 00:00:00,91397.11,91669.94,90748.67,90748.67,0.6989
2026-01-08 04:00:00,90891.18,91156.85,89781.52,90492.28,1.33771
2026-01-08 08:00:00,90590.87,90737.6,89810.38,90414.5,1.47163
2026-01-08 12:00:00,90412.89,90758.89,89313.46,90758.89,2.40643
2026-01-08 16:00:00,90807.12,91427.5,90279.77,90762.94,0.51771
2026-01-08 20:00:00,91047.77,91436.8,90523.73,91110.36,1.88145
2026-01-09 00:00:00,91110.39,91567.25,90841.75,91283.57,1.2427
2026-01-09 04:00:00,91271.84,91271.84,90758.89,90800.15,0.1189
2026-01-09 08:00:00,90758.89,91032.8,89774.33,90422.32,0.95276
2026-01-09 12:00:00,90589.6,91981.87,89900.0,90912.56,1.54891
2026-01-09 16:00:00,91188.57,91749.99,90218.36,90580.86,0.74066
2026-01-09 20:00:00,90555.6,90758.88,90190.02,90498.43,0.69866
2026-01-10 00:00:00,90726.52,90848.34,90415.77,90661.04,0.93997
2026-01-10 04:00:00,90660.36,90759.95,90367.3,90597.85,0.82182
2026-01-10 08:00:00,90719.69,90819.99,90491.35,90798.56,0.22004
2026-01-10 12:00:00,90791.14,90791.14,90501.28,90555.99,0.76502
2026-01-10 16:00:00,90564.55,90787.38,90417.73,90635.57,0.49354
2026-01-10 20:00:00,90576.8,90667.98,90357.62,90433.54,0.21817
2026-01-11 00:00:00,90444.88,90787.21,90444.88,90751.88,0.37845
2026-01-11 04:00:00,90751.6,90858.86,90611.81,90818.98,0.65504
2026-01-11 08:00:00,90688.34,90908.27,90654.03,90783.69,0.07198
2026-01-11 12:00:00,90810.55,91192.47,90729.34,90840.3,0.25048
2026-01-11 16:00:00,91012.69,91302.06,90685.87,90685.87,0.35529
2026-01-11 20:00:00,90687.27,91023.45,90396.56,90982.41,0.36355
2026-01-12 00:00:00,90982.41,92470.88,90704.31,92043.85,2.22386
2026-01-12 04:00:00,92036.52,92370.17,91592.96,91716.86,0.4003
2026-01-12 08:00:00,91544.75,91644.37,90500.0,90541.09,0.21728
2026-01-12 12:00:00,90767.3,91625.07,90229.12,91625.07,1.16645
2026-01-12 16:00:00,91657.98,92330.63,91046.69,91847.37,5.1964
2026-01-12 20:00:00,91898.46,92004.69,90945.96,91258.72,3.70994
2026-01-13 00:00:00,91306.98,91562.83,91057.81,91407.46,0.44084
2026-01-13 04:00:00,91402.69,92241.23,91351.03,92090.5,0.88587
2026-01-13 08:00:00,91943.61,92627.91,91930.0,91976.62,2.36311
2026-01-13 12:00:00,92000.65,93440.26,91768.3,93440.26,6.83875
2026-01-13 16:00:00,93456.78,94223.77,93158.5,94219.9,8.58133
2026-01-13 20:00:00,94142.53,96052.22,94052.59,95389.66,8.31287
2026-01-14 00:00:00,95511.29,95647.37,95089.77,95647.37,1.2296
2026-01-14 04:00:00,95686.39,95780.14,94595.26,95227.4,0.81433
2026-01-14 08:00:00,95227.39,95286.55,94744.03,94802.3,0.59726
2026-01-14 12:00:00,94987.35,97093.73,94705.72,96660.97,9.05105
2026-01-14 16:00:00,96547.01,97744.22,96298.37,97548.44,11.93536
2026-01-14 20:00:00,97544.81,97891.41,96713.99,97013.66,3.04359
2026-01-15 00:00:00,96970.71,96988.67,95069.0,95857.97,7.93962
2026-01-15 04:00:00,95938.94,96680.55,95858.51,96635.56,2.17897
2026-01-15 08:00:00,96600.97,97130.24,96323.54,96645.33,0.39845
2026-01-15 12:00:00,96645.32,97162.69,95514.48,96713.99,3.96676
2026-01-15 16:00:00,96739.82,97091.08,95236.21,95583.31,4.45407
2026-01-15 20:00:00,95451.58,95801.99,95146.42,95583.08,2.99859
2026-01-16 00:00:00,95586.35,95774.77,95335.03,95410.61,0.94041
2026-01-16 04:00:00,95409.72,95828.83,95123.01,95711.17,0.86029
2026-01-16 08:00:00,95655.92,95859.81,95259.98,95449.84,0.17424
2026-01-16 12:00:00,95417.61,95739.73,94281.12,94586.35,1.07389
2026-01-16 16:00:00,94724.57,95227.39,94483.95,95006.92,1.00976
2026-01-16 20:00:00,94978.46,95588.77,94676.42,95571.68,5.38473
2026-01-17 00:00:00,95562.89,95573.46,95224.4,95379.46,2.09586
2026-01-17 04:00:00,95361.7,95383.38,95060.97,95077.62,3.16803
2026-01-17 08:00:00,95088.68,95298.61,95044.61,95294.6,0.91536
2026-01-17 12:00:00,95307.97,95642.81,95190.58,95580.08,3.62522
2026-01-17 16:00:00,95572.44,95572.44,95216.09,95317.99,5.44189
2026-01-17 20:00:00,95296.68,95387.03,95050.0,95139.13,3.36198
2026-01-18 00:00:00,95143.44,95248.49,94800.04,95191.42,2.56463
2026-01-18 04:00:00,95155.53,95220.05,95035.02,95043.2,0.91007
2026-01-18 08:00:00,95038.26,95292.44,95019.99,95242.89,0.66334
2026-01-18 12:00:00,95241.4,95338.11,94898.87,95062.58,4.08019
2026-01-18 16:00:00,95105.63,95514.46,95066.28,95377.13,2.94532
2026-01-18 20:00:00,95359.76,95529.16,93591.22,93752.57,4.9985
2026-01-19 00:00:00,93675.57,93675.57,92000.0,92678.77,7.56946
2026-01-19 04:00:00,92613.58,92838.86,92499.25,92838.86,1.36623
2026-01-19 08:00:00,92811.86,93351.89,92718.41,93194.87,2.77952
2026-01-19 12:00:00,93160.03,93215.73,92715.71,93061.4,4.08723
2026-01-19 16:00:00,93064.57,93406.11,92942.74,93106.92,1.89509
2026-01-19 20:00:00,93186.59,93336.89,92162.73,92628.77,4.03168
2026-01-20 00:00:00,92628.77,92862.51,92298.48,92428.3,4.56923
2026-01-20 04:00:00,92385.83,92475.14,90811.69,91193.46,15.21067
2026-01-20 08:00:00,91149.28,91455.92,90699.0,91220.24,9.10818
2026-01-20 12:00:00,91231.1,91328.8,89878.6,90614.82,32.25048
2026-01-20 16:00:00,90767.82,90970.0,89296.43,89728.27,15.99214
2026-01-20 20:00:00,89614.46,89853.49,87952.88,88416.88,8.32774
2026-01-21 00:00:00,88431.3,89602.51,88282.78,89429.68,8.41117
2026-01-21 04:00:00,89422.82,90097.06,89116.84,89170.95,8.57808
2026-01-21 08:00:00,89216.49,89469.84,88752.8,88799.03,7.9689
2026-01-21 12:00:00,88775.38,90525.35,88213.91,90218.28,40.18068
2026-01-21 16:00:00,90381.21,90452.05,87270.38,90354.73,16.65045
2026-01-21 20:00:00,90244.01,90418.82,89307.09,89615.97,2.77142
2026-01-22 00:00:00,89611.29,90412.12,89336.25,89955.55,0.80585
2026-01-22 04:00:00,90138.15,90266.85,89752.62,90039.87,0.64661
2026-01-22 08:00:00,90033.33,90265.1,89762.01,89900.03,0.67019
2026-01-22 12:00:00,89900.01,90302.19,88537.08,89021.06,2.98086
2026-01-22 16:00:00,89101.58,89917.73,88752.85,89853.06,2.03478
2026-01-22 20:00:00,89684.95,89956.82,89174.48,89579.27,1.74408
2026-01-23 00:00:00,89580.02,89987.1,89450.57,89893.95,1.33724
2026-01-23 04:00:00,89923.78,90073.02,89400.0,89621.5,1.07861
2026-01-23 08:00:00,89563.56,89639.61,88900.0,89198.93,2.55841
2026-01-23 12:00:00,89233.96,89857.98,88603.57,89657.07,9.41851
2026-01-23 16:00:00,89715.46,91237.15,89527.13,90003.57,8.98135
2026-01-23 20:00:00,89961.43,90199.96,89250.0,89626.83,2.17034
2026-01-24 00:00:00,89589.59,89932.85,89427.24,89792.0,0.65447
2026-01-24 04:00:00,89782.64,89851.86,89564.25,89630.81,3.14618
2026-01-24 08:00:00,89643.48,89687.09,89561.22,89616.37,0.15435
2026-01-24 12:00:00,89579.66,89610.2,89209.44,89290.48,0.96935
2026-01-24 16:00:00,89310.31,89458.9,89176.0,89349.55,0.9563
2026-01-24 20:00:00,89349.0,89484.21,89272.04,89272.04,0.75018
2026-01-25 00:00:00,89248.83,89334.27,88873.31,88955.36,1.4316
2026-01-25 04:00:00,88957.68,89107.45,88645.22,88666.59,0.9554
2026-01-25 08:00:00,88645.23,88748.03,88136.75,88565.18,0.80569
2026-01-25 12:00:00,88579.15,88999.64,88406.54,88406.54,2.53897
2026-01-25 16:00:00,88456.31,88456.31,86207.42,86584.69,15.01087
2026-01-25 20:00:00,86529.66,87000.0,86094.07,86649.27,8.15314
2026-01-26 00:00:00,86656.43,87952.88,86526.88,87136.51,8.84861
2026-01-26 04:00:00,87306.27,88134.55,87225.68,88040.35,1.73254
2026-01-26 08:00:00,88035.57,88382.23,87600.0,87837.5,1.51697
2026-01-26 12:00:00,87917.41,88883.79,87341.47,87655.24,10.07297
2026-01-26 16:00:00,87713.42,88521.83,87098.75,88023.71,5.30271
2026-01-26 20:00:00,88034.96,88660.07,87543.62,88357.77,3.42961
2026-01-27 00:00:00,88368.81,88892.0,88174.48,88790.85,1.202
2026-01-27 04:00:00,88768.54,88988.0,88311.46,88366.18,0.88258
2026-01-27 08:00:00,88369.06,88393.61,87781.02,88014.87,0.37986
2026-01-27 12:00:00,87948.18,88449.14,87603.0,87931.96,4.05849
2026-01-27 16:00:00,88074.36,88800.0,87320.26,88424.77,5.50451
2026-01-27 20:00:00,88422.64,89535.66,88422.64,89260.5,6.21014
2026-01-28 00:00:00,89226.8,89505.04,89000.0,89135.1,1.92828
2026-01-28 04:00:00,89032.09,89388.89,88860.19,89170.07,1.79634
2026-01-28 08:00:00,89125.19,90142.86,88881.85,90095.7,3.00596
2026-01-28 12:00:00,90028.92,90468.35,88938.78,89534.61,4.7071
2026-01-28 16:00:00,89532.5,90561.14,89018.4,89435.81,11.07245
2026-01-28 20:00:00,89350.0,89846.56,88881.9,89249.46,4.11071
2026-01-29 00:00:00,89283.05,89285.78,87705.28,88034.24,5.08909
2026-01-29 04:00:00,88071.89,88426.62,87942.48,88328.31,1.65089
2026-01-29 08:00:00,88298.79,88449.14,87748.58,87763.22,1.2056
2026-01-29 12:00:00,87854.97,89000.0,84382.0,84885.56,17.56102
2026-01-29 16:00:00,84770.71,85648.03,83386.1,83999.39,14.17882
2026-01-29 20:00:00,84035.67,84746.51,83680.4,84684.39,12.85205
2026-01-30 00:00:00,84719.4,84737.88,81143.63,82726.09,10.80257
2026-01-30 04:00:00,82737.52,83330.15,82030.09,82936.12,1.80341
2026-01-30 08:00:00,82823.13,83273.13,82191.08,83206.93,3.2549
2026-01-30 12:00:00,83247.32,83796.03,82428.91,83059.34,3.93556
2026-01-30 16:00:00,82872.38,84587.98,81928.83,84360.89,4.1311
2026-01-30 20:00:00,84208.18,84500.0,83544.16,84240.31,6.53775
2026-01-31 00:00:00,84200.0,84259.18,83855.36,84052.18,1.87945
2026-01-31 04:00:00,84053.87,84166.43,83420.0,83519.39,1.75522
2026-01-31 08:00:00,83527.89,83614.57,82580.8,82906.07,1.54756
2026-01-31 12:00:00,83025.16,83151.04,80845.65,81317.82,5.963
2026-01-31 16:00:00,81315.49,82193.3,75700.64,77805.78,27.01899
2026-01-31 20:00:00,77745.09,79273.6,77095.23,78805.8,6.79632
2026-02-01 00:00:00,78757.93,79392.0,78329.05,78901.16,2.62634
2026-02-01 04:00:00,78866.46,79102.33,77999.55,78366.76,1.81636
2026-02-01 08:00:00,78484.65,79225.04,78182.25,78831.53,1.90774
2026-02-01 12:00:00,78747.37,78750.9,76789.16,77869.07,4.6636
2026-02-01 16:00:00,77555.58,78407.08,77000.0,77200.12,9.41682
2026-02-01 20:00:00,77123.39,77750.65,75753.24,76934.4,22.84252
2026-02-02 00:00:00,77040.76,78127.8,74619.83,76258.14,15.075
2026-02-02 04:00:00,76181.05,76943.5,74944.76,76705.11,6.6608
2026-02-02 08:00:00,76682.17,77950.0,76672.11,77733.94,6.15572
2026-02-02 12:00:00,77765.8,79358.24,77636.39,78916.77,17.10142
2026-02-02 16:00:00,78931.84,79258.39,78304.82,78353.7,9.26256
2026-02-02 20:00:00,78278.82,78956.6,77914.53,78794.56,12.44735
2026-02-03 00:00:00,78684.71,79163.46,77647.55,78858.39,4.30361
2026-02-03 04:00:00,78768.59,79012.41,77966.48,78793.64,2.46931
2026-02-03 08:00:00,78866.22,79066.0,77958.03,78198.51,1.4065
2026-02-03 12:00:00,78103.24,78430.4,77048.41,78126.73,2.47787
2026-02-03 16:00:00,77981.24,77981.24,72979.63,75051.43,21.59741
2026-02-03 20:00:00,75144.5,76925.98,74614.33,75751.88,10.46574
2026-02-04 00:00:00,75640.66,76952.65,75457.53,76753.66,3.54319
2026-02-04 04:00:00,76697.18,76841.66,76116.34,76525.29,1.19295
2026-02-04 08:00:00,76480.45,76600.46,75684.31,76038.3,1.20491
2026-02-04 12:00:00,76051.27,76268.06,73827.6,74157.14,8.55443
2026-02-04 16:00:00,74182.43,74258.21,72209.96,73894.73,20.97453
2026-02-04 20:00:00,73903.65,74127.39,71863.74,73160.68,18.91734
2026-02-05 00:00:00,73152.73,73317.57,71190.41,71237.36,6.70606
2026-02-05 04:00:00,71256.5,71636.72,70155.45,70677.4,10.24299
2026-02-05 08:00:00,70807.0,71955.87,69912.52,70352.02,4.13295
2026-02-05 12:00:00,70363.35,70842.76,66749.05,67495.94,24.74619
2026-02-05 16:00:00,67444.1,68639.35,65222.4,65297.1,22.47147
2026-02-05 20:00:00,65312.65,65668.71,62345.0,62754.09,29.26107
2026-02-06 00:00:00,63049.1,66044.93,60075.49,64211.94,22.41254
2026-02-06 04:00:00,64185.28,66805.95,63935.9,64845.34,8.45745
2026-02-06 08:00:00,64729.88,66747.27,64517.95,66583.24,2.76833
2026-02-06 12:00:00,66566.22,69140.77,66229.78,68618.71,11.92157
2026-02-06 16:00:00,68639.2,71500.0,68415.59,70789.35,12.54774
2026-02-06 20:00:00,70715.25,71679.58,69858.1,70588.22,12.28023
2026-02-07 00:00:00,70581.27,70926.67,69720.0,70926.67,2.66441
2026-02-07 04:00:00,70863.6,71904.0,67382.95,68150.33,9.17673
2026-02-07 08:00:00,68040.27,68803.38,67698.13,67988.25,4.22152
2026-02-07 12:00:00,67916.12,69967.26,67916.12,69123.8,3.65212
2026-02-07 16:00:00,69201.14,69952.69,68615.6,69342.73,3.86827
2026-02-07 20:00:00,69377.89,69701.4,68861.93,69310.38,2.99156
2026-02-08 00:00:00,69313.99,69679.74,68900.0,69076.27,2.04189
2026-02-08 04:00:00,69117.05,69700.0,69000.0,69700.0,0.67381
2026-02-08 08:00:00,69650.41,71171.45,69577.1,70978.1,2.62357
2026-02-08 12:00:00,70955.72,71570.17,70746.33,71141.2,2.83176
2026-02-08 16:00:00,71134.97,71525.39,70277.25,71427.09,1.7916
2026-02-08 20:00:00,71310.08,72250.87,70000.01,70315.68,4.91865
2026-02-09 00:00:00,70394.02,71468.47,70063.4,71232.02,1.61718
2026-02-09 04:00:00,71298.61,71298.61,70350.87,70481.38,1.40825
2026-02-09 08:00:00,70434.29,70581.71,68452.45,68879.81,1.94543
2026-02-09 12:00:00,68904.52,69940.25,68327.96,69569.44,3.4248
2026-02-09 16:00:00,69569.44,71050.84,69171.45,70894.77,2.86856
2026-02-09 20:00:00,70843.91,71081.77,69858.1,70120.2,2.55664
2026-02-10 00:00:00,70176.91,70500.24,69247.61,69515.31,2.18463
2026-02-10 04:00:00,69549.39,69859.07,68685.13,68932.99,1.11611
2026-02-10 08:00:00,68969.93,69375.0,68489.87,68558.8,1.04263
2026-02-10 12:00:00,68663.23,69627.2,67932.62,69312.6,1.33348
2026-02-10 16:00:00,69312.6,69991.5,68677.36,69052.61,2.01195
2026-02-10 20:00:00,69090.4,69116.49,68390.01,68837.86,1.15539
2026-02-11 00:00:00,68853.63,69292.1,68035.18,68162.83,1.39185
2026-02-11 04:00:00,68202.83,68295.71,66581.67,67044.71,3.28835
2026-02-11 08:00:00,67050.43,67086.89,66396.66,67054.41,0.87353
2026-02-11 12:00:00,67055.12,68811.12,65760.38,66626.03,6.45097
2026-02-11 16:00:00,66510.11,67851.89,65892.43,67540.12,3.40986
2026-02-11 20:00:00,67560.04,68298.9,66799.59,67087.89,4.85369
2026-02-12 00:00:00,67060.2,68051.53,67057.89,67574.83,2.77082
2026-02-12 04:00:00,67524.67,67723.11,66673.97,67142.89,0.9253
2026-02-12 08:00:00,67227.39,68269.68,66889.23,68170.59,0.58715
2026-02-12 12:00:00,68069.73,68405.77,67053.72,67098.64,3.41077
2026-02-12 16:00:00,67138.42,67224.96,65134.18,65781.58,7.04094
2026-02-12 20:00:00,65755.39,66487.11,65204.54,66252.28,3.86308
2026-02-13 00:00:00,66253.16,66804.08,65867.89,66477.52,2.30491
2026-02-13 04:00:00,66576.59,66685.6,66038.45,66176.76,1.07659
2026-02-13 08:00:00,66238.3,67188.93,66222.56,67165.21,0.64063
2026-02-13 12:00:00,67167.6,69278.83,66877.68,68636.76,8.31738
2026-02-13 16:00:00,68717.18,69441.45,68607.54,68931.86,4.93575
2026-02-13 20:00:00,68899.04,69061.02,68690.52,68866.62,2.59333
2026-02-14 00:00:00,68872.16,69132.45,68801.73,68993.96,0.69111
2026-02-14 04:00:00,68958.76,69327.41,68755.06,69227.92,0.52741
2026-02-14 08:00:00,69197.53,70543.95,69197.53,70479.93,1.80535
2026-02-14 12:00:00,70473.8,70532.94,69266.16,69789.59,1.17272
2026-02-14 16:00:00,69783.87,69901.54,69317.34,69840.48,6.68331
2026-02-14 20:00:00,69855.36,70251.8,69679.21,69840.4,2.46624
2026-02-15 00:00:00,69850.29,69963.67,69284.35,69918.42,1.34741
2026-02-15 04:00:00,69999.56,70897.97,69856.08,70768.9,2.06982
2026-02-15 08:00:00,70809.85,70968.62,70215.73,70282.4,2.70631
2026-02-15 12:00:00,70313.92,70374.54,68800.0,69108.09,2.49184
2026-02-15 16:00:00,69090.55,69090.55,68074.56,68314.51,3.59786
2026-02-15 20:00:00,68278.28,69070.85,68176.72,68817.98,1.7795
2026-02-16 00:00:00,68779.35,69031.57,68182.18,68407.74,0.61968
2026-02-16 04:00:00,68454.88,68881.9,68239.91,68582.97,0.25357
2026-02-16 08:00:00,68638.37,69049.59,68378.96,68837.21,0.29266
2026-02-16 12:00:00,68848.57,70061.79,67338.32,67572.5,1.62914
2026-02-16 16:00:00,67565.85,68234.43,67539.83,67903.02,1.27719
2026-02-16 20:00:00,67940.78,68978.75,67856.42,68833.27,1.3004
2026-02-17 00:00:00,68861.26,69207.84,68398.15,68455.72,0.56336
2026-02-17 04:00:00,68472.56,68649.38,67932.61,68405.78,0.62526
2026-02-17 08:00:00,68487.69,68487.69,67722.59,67846.69,0.25781
2026-02-17 12:00:00,67856.19,68342.45,66600.0,67306.19,1.95131
2026-02-17 16:00:00,67416.72,68249.99,66904.75,67827.89,2.41497
2026-02-17 20:00:00,67788.62,67895.82,67395.22,67498.2,2.16297
2026-02-18 00:00:00,67506.5,67709.11,66859.12,67693.03,1.60076
2026-02-18 04:00:00,67649.95,68206.36,67479.44,68152.25,1.23196
2026-02-18 08:00:00,68128.97,68446.92,67154.36,67519.83,0.76791
2026-02-18 12:00:00,67378.64,68302.16,66716.26,67684.62,3.80872
2026-02-18 16:00:00,67661.73,67690.09,65863.27,66187.45,24.43258
2026-02-18 20:00:00,66187.45,66537.0,66049.42,66445.59,9.22086
2026-02-19 00:00:00,66461.31,66999.79,66359.33,66999.79,2.48576
2026-02-19 04:00:00,66967.64,67300.0,66673.2,67186.31,2.34777
2026-02-19 08:00:00,67170.07,67170.07,66504.01,66504.01,2.18727
2026-02-19 12:00:00,66509.08,66710.77,65649.99,66424.5,14.79107
2026-02-19 16:00:00,66296.7,67162.88,65903.02,67033.06,2.25477
2026-02-19 20:00:00,67039.05,67189.81,66666.31,66970.73,3.66247
2026-02-20 00:00:00,66948.19,67498.34,66944.55,67350.66,2.26906
2026-02-20 04:00:00,67398.0,68016.2,67154.5,67798.6,1.99062
2026-02-20 08:00:00,67874.28,68300.0,67299.41,67299.41,2.92457
2026-02-20 12:00:00,67352.84,68055.2,66483.69,67577.91,12.73365
2026-02-20 16:00:00,67577.95,68000.6,66962.15,67633.92,7.47887
2026-02-20 20:00:00,67696.78,68217.46,67576.07,68022.85,5.00913
2026-02-21 00:00:00,68026.06,68082.0,67519.63,67659.76,3.45345
2026-02-21 04:00:00,67640.36,67933.07,67609.37,67866.59,2.45826
2026-02-21 08:00:00,67863.67,68286.62,67863.67,68124.61,1.93548
2026-02-21 12:00:00,68130.57,68696.22,67910.31,68662.52,5.01545
2026-02-21 16:00:00,68554.87,68654.57,68086.59,68560.62,2.81837
2026-02-21 20:00:00,68529.03,68598.06,67904.39,68023.17,2.83479
2026-02-22 00:00:00,67984.38,68234.25,67764.61,68019.7,2.37218
2026-02-22 04:00:00,68057.16,68170.64,67900.3,68024.08,1.12317
2026-02-22 08:00:00,68008.44,68290.47,67941.05,68223.91,0.79479
2026-02-22 12:00:00,68241.84,68241.84,67323.09,67758.21,3.74296
2026-02-22 16:00:00,67670.45,67687.67,67190.1,67433.18,2.10018
2026-02-22 20:00:00,67433.18,67750.0,67345.97,67637.42,4.1608
2026-02-23 00:00:00,67669.83,67678.51,64318.68,64950.77,14.07192
2026-02-23 04:00:00,64963.44,66006.28,64672.23,65953.67,2.40104
2026-02-23 08:00:00,65862.8,66593.67,65585.82,66228.64,2.21894
2026-02-23 12:00:00,66230.04,66500.0,65529.99,65713.78,7.63063
2026-02-23 16:00:00,65672.8,65672.8,64117.22,64289.13,11.98563
2026-02-23 20:00:00,64547.861313904425,64883.51757233745,64547.861313904425,64821.801999999996,0.0
2026-02-24 00:00:00,64661.62867304722,64874.943475823646,63623.41760314659,63623.41760314659,0.0
2026-02-24 04:00:00,63433.96154496127,63433.96154496127,62911.42552201256,63217.249800714795,0.0
2026-02-24 08:00:00,63138.403037892575,63355.94490128973,63079.82819543614,63107.910107,0.0
2026-02-24 12:00:00,63145.89049447349,63915.82715508117,62812.3457515,63915.82715508117,0.0
2026-02-24 16:00:00,64321.89419426047,64507.37452266673,63724.01147728302,64409.556224664724,0.0
2026-02-24 20:00:00,64402.339053367876,64535.905944829115,63934.48350392946,64150.17939048635,0.0
2026-02-25 00:00:00,64040.78446311968,66028.34993263865,64040.78446311968,65563.43312642265,0.0
2026-02-25 04:00:00,65293.12624367248,65604.19803791103,64793.258854897496,65139.318227479904,0.0
2026-02-25 08:00:00,64962.307326751965,65517.93711634794,64962.307326751965,65368.91150742248,0.0
2026-02-25 12:00:00,65435.41159117524,67254.35230233397,65435.41159117524,67254.35230233397,0.0
2026-02-25 16:00:00,67454.15619775609,69302.85459086263,67454.15619775609,68814.94342001155,0.0
2026-02-25 20:00:00,68985.36140298205,69174.61932726968,68097.46123669963,68097.46123669963,0.0
2026-02-26 00:00:00,67888.29420478741,68475.34621444691,67888.29420478741,68264.23284541936,0.0
2026-02-26 04:00:00,68319.72271127449,68772.06472621635,68135.71516030407,68143.11979419805,0.0
2026-02-26 08:00:00,67878.45929166338,68613.33129524397,67878.45929166338,68203.92053249285,0.0
2026-02-26 12:00:00,68277.3614388582,68277.3614388582,67004.46431195385,67004.46431195385,0.0
2026-02-26 16:00:00,67162.70528468632,67733.39938606648,66850.81791927286,67733.39938606648,0.0
2026-02-26 20:00:00,67611.98449443188,67620.02070116428,67339.62465500034,67574.9998973761,0.0
2026-02-27 00:00:00,67243.80286411593,67403.48404510763,67079.43630708486,67119.66921241155,0.0
2026-02-27 04:00:00,68001.24801259364,68001.24801259364,67593.52047659385,67617.83026824446,0.0
2026-02-27 08:00:00,67943.14747752836,67943.14747752836,66526.75158322795,66526.75158322795,0.0
2026-02-27 12:00:00,66116.18226309103,66116.18226309103,65948.66315963812,66107.39222846212,0.0
2026-02-27 16:00:00,66011.38640946533,66011.38640946533,65312.491008919715,65342.00636847377,0.0
2026-02-27 20:00:00,65611.82329968944,65888.71620998517,65478.555184930694,65888.71620998517,0.0
2026-02-28 00:00:00,65870.54482057336,65947.36463721619,65870.54482057336,65930.10056942308,0.0
2026-02-28 04:00:00,65768.6745270977,65768.6745270977,63431.63177537084,63431.63177537084,0.0
2026-02-28 08:00:00,63577.60764900772,64115.5488865,63577.60764900772,64115.5488865,0.0
2026-02-28 12:00:00,63897.981277931445,64804.830386999995,63897.981277931445,64565.2583185,0.0
2026-02-28 16:00:00,65001.07079730134,65673.88525444636,65001.07079730134,65673.88525444636,0.0
2026-02-28 20:00:00,66946.92571684075,67047.58305428669,66540.50923940627,66992.86206475222,0.0
2026-03-01 00:00:00,66958.1965867912,67644.16363121814,66454.35094836655,67448.71293431248,0.0
2026-03-01 04:00:00,67236.45767116215,67490.86561851499,67006.14098226409,67006.14098226409,0.0
2026-03-01 08:00:00,67281.99054494208,67281.99054494208,66468.22672927639,66559.72053745973,0.0
2026-03-01 12:00:00,66464.03097877788,67070.07406432719,66230.9228766129,67070.07406432719,0.0
2026-03-01 16:00:00,66911.3414975,66911.3414975,65992.95338884149,66010.5181974279,0.0
2026-03-01 20:00:00,65437.12517929355,66126.15403301097,65304.744039499994,65777.6518355,0.0
2026-03-02 00:00:00,66004.25674752714,66793.74560240151,66004.25674752714,66793.74560240151,0.0
2026-03-02 04:00:00,66788.25413846286,66788.25413846286,65752.84295503995,65752.84295503995,0.0
2026-03-02 08:00:00,65772.20374088617,66501.97877113754,65772.20374088617,66128.98731072053,0.0
2026-03-02 12:00:00,66349.86766914459,68642.93285987462,65527.72173799778,68642.93285987462,0.0
2026-03-02 16:00:00,69592.94996826758,69592.94996826758,68895.2118502787,68895.2118502787,0.0
2026-03-02 20:00:00,68994.86241061622,69404.58732778607,68994.86241061622,69099.05197554137,0.0
2026-03-03 00:00:00,68736.1021905,69002.29311542287,68294.73053500001,68294.73053500001,0.0
2026-03-03 04:00:00,68420.13016733683,68420.13016733683,67902.37907076212,68229.41609530145,0.0
2026-03-03 08:00:00,67941.7159635,67941.7159635,66652.07699642082,66965.893761838,0.0
2026-03-03 12:00:00,67066.6854852119,67517.32740929266,66708.03425401915,66708.03425401915,0.0
2026-03-03 16:00:00,68975.65137731572,68975.65137731572,68220.3177797304,68832.302671,0.0
2026-03-03 20:00:00,68329.41367314558,68528.0912145903,68075.75342898541,68528.0912145903,0.0
2026-03-04 00:00:00,68285.4706323368,68285.4706323368,68020.7112895,68196.6348097072,0.0
2026-03-04 04:00:00,67623.77561061535,68506.98234894022,67623.77561061535,68506.98234894022,0.0
2026-03-04 08:00:00,69245.08861444559,71391.26118009069,69245.08861444559,71293.96883103835,0.0
2026-03-04 12:00:00,71094.12267767062,72321.93751808321,70668.38151749995,72321.93751808321,0.0
2026-03-04 16:00:00,72647.83761672625,73701.98831881094,72647.83761672625,73701.98831881094,0.0
2026-03-04 20:00:00,73438.72483425673,73438.72483425673,72609.51002755824,72609.51002755824,0.0
2026-03-05 00:00:00,72948.22346635596,72948.22346635596,72560.64011955327,72560.64011955327,0.0
2026-03-05 04:00:00,72757.45793308888,72757.45793308888,72450.358087,72650.60658406987,0.0
2026-03-05 08:00:00,71950.91255855124,73417.59106192493,71950.91255855124,72972.03563312191,0.0
2026-03-05 12:00:00,72926.49191834131,72926.49191834131,71560.18139187004,71560.18139187004,0.0
2026-03-05 16:00:00,71050.50006334268,71242.71526907856,70819.3697255849,71242.71526907856,0.0
2026-03-05 20:00:00,71310.0776605,71491.11709033427,71202.96908335401,71202.96908335401,0.0
2026-03-06 00:00:00,70981.76009770497,71206.13277552192,70841.11833646409,71194.66823371574,0.0
2026-03-06 04:00:00,71011.2415415,71011.2415415,70431.87560315839,70741.07597349337,0.0
2026-03-06 08:00:00,70905.67689709515,70905.67689709515,70458.69890079471,70534.0167205,0.0
2026-03-06 12:00:00,70195.33365859768,70195.33365859768,68967.958121817,68967.958121817,0.0
2026-03-06 16:00:00,68426.20361703442,68426.20361703442,68215.06567481454,68215.06567481454,0.0
2026-03-06 20:00:00,68039.81742341601,68334.384754,67995.63652399089,68334.384754,0.0
2026-03-07 00:00:00,68227.86358049471,68284.0838283237,68129.35330665321,68284.0838283237,0.0
2026-03-07 04:00:00,68045.59988847464,68045.59988847464,67718.44995894325,67718.44995894325,0.0
2026-03-07 08:00:00,68000.9222245,68127.91412697453,67873.81528233594,68127.91412697453,0.0
2026-03-07 12:00:00,68012.3330385,68051.13290047194,67791.5615458445,67949.40607673954,0.0
2026-03-07 16:00:00,67781.4212511809,67902.19923054389,67349.85298300252,67349.85298300252,0.0
2026-03-07 20:00:00,67264.11938312312,67446.97127101188,67264.11938312312,67389.02084842694,0.0
2026-03-08 00:00:00,67373.33533618641,67373.33533618641,67035.62667562098,67035.62667562098,0.0
2026-03-08 04:00:00,67043.4369650668,67331.7492821196,67043.4369650668,67331.7492821196,0.0
2026-03-08 08:00:00,67287.150459,68112.28443799558,67287.150459,67710.3080487542,0.0
2026-03-08 12:00:00,67297.45360745632,67380.31948753282,66944.81563459909,67222.02654757713,0.0
2026-03-08 16:00:00,67129.9126888556,67211.65417064007,66947.86480657033,67211.65417064007,0.0
2026-03-08 20:00:00,67307.42008616563,67307.42008616563,65664.21416078314,66524.21239449999,0.0
2026-03-09 00:00:00,65976.309294,67139.41788243192,65976.309294,67139.41788243192,0.0
2026-03-09 04:00:00,67364.22267151593,67560.61742100408,67136.82044773716,67136.82044773716,0.0
2026-03-09 08:00:00,67700.165174,68027.07386987442,67506.21150441602,67506.21150441602,0.0
2026-03-09 12:00:00,68070.62501405264,69175.20909037607,68070.62501405264,69169.35953065322,0.0
2026-03-09 16:00:00,68870.77897022314,69030.9153614012,68582.24903156997,69030.9153614012,0.0
2026-03-09 20:00:00,69012.993803,69012.993803,68609.2455499286,68609.2455499286,0.0
2026-03-10 00:00:00,68740.67904638629,70198.91906578395,68740.67904638629,70198.91906578395,0.0
2026-03-10 04:00:00,69736.46158166348,70421.82686437284,69736.46158166348,70421.82686437284,0.0
2026-03-10 08:00:00,70889.3228261419,71187.7138078547,70745.478108628,70745.478108628,0.0
2026-03-10 12:00:00,70457.4652717124,71292.80566294644,69804.31269086071,71292.80566294644,0.0
2026-03-10 16:00:00,71548.50985486242,71548.50985486242,70121.0959232038,70121.0959232038,0.0
2026-03-10 20:00:00,70028.20217456394,70210.5137287224,69680.43282498563,69796.80212251731,0.0
2026-03-11 00:00:00,69902.13094488275,70120.58756881356,69541.62150191974,69541.62150191974,0.0
2026-03-11 04:00:00,69796.9387628227,69961.02402899333,69796.9387628227,69836.05344700893,0.0
2026-03-11 08:00:00,69541.8178761244,69673.57466028919,69464.76991990938,69521.86289937072,0.0
2026-03-11 12:00:00,69394.28686540893,70404.93928433649,69394.28686540893,70404.93928433649,0.0
2026-03-11 16:00:00,70404.44990402913,71193.37128859638,70404.44990402913,70564.98900753028,0.0
2026-03-11 20:00:00,70630.03604464227,70630.03604464227,70353.19570826943,70353.19570826943,0.0
2026-03-12 00:00:00,70358.91425201726,70358.91425201726,69438.79622677904,69438.79622677904,0.0
2026-03-12 04:00:00,69462.2948525,69563.108558322,69259.47012465866,69563.108558322,0.0
2026-03-12 08:00:00,69894.51965590264,70529.38942831421,69680.34439526273,70529.38942831421,0.0
2026-03-12 12:00:00,70457.2793140152,70457.2793140152,70017.98515199329,70017.98515199329,0.0
2026-03-12 16:00:00,70262.179886,70439.78783234858,70067.86144017629,70143.07307689569,0.0
2026-03-12 20:00:00,70480.53244016823,70553.86462705705,70265.4979802708,70553.86462705705,0.0
2026-03-13 00:00:00,71584.87338112228,71584.87338112228,71261.16928002528,71261.16928002528,0.0
2026-03-13 04:00:00,71267.31931032168,71500.85597894056,71267.31931032168,71500.85597894056,0.0
2026-03-13 08:00:00,71534.08625711252,72516.04979131065,71534.08625711252,72407.42084191708,0.0
2026-03-13 12:00:00,72386.98431736382,73786.51504463964,72386.98431736382,72563.31619475936,0.0
2026-03-13 16:00:00,71351.12479956861,71833.026327,71012.08734052627,71161.51940450218,0.0
2026-03-13 20:00:00,71198.32757758955,71400.43520496794,70655.793997,70948.63407994973,0.0
2026-03-14 00:00:00,70824.95585965848,71053.05676254113,70793.03025023238,71053.05676254113,0.0
2026-03-14 04:00:00,71136.04,71136.04,70606.64,70606.64,0.0
2026-03-14 08:00:00,70671.77,70709.27004599999,70466.52,70674.03004842038,0.0
2026-03-14 12:00:00,70912.93335748103,70912.93335748103,70694.63,70694.63,0.0
2026-03-14 16:00:00,70632.06925,70719.2987874206,70604.90775742703,70684.56,0.0
2026-03-14 20:00:00,70719.58673,71006.36370834264,70696.79,71006.36370834264,0.0
2026-03-15 00:00:00,71112.45060348835,71364.96,70957.11575553419,71364.96,0.0
2026-03-15 04:00:00,71540.31532657094,71699.5960221526,71482.83821929594,71615.97779,0.0
2026-03-15 08:00:00,71625.77543,71871.42995,71625.77543,71762.541,0.0
2026-03-15 12:00:00,71706.04474684728,71706.04474684728,71409.94853819045,71603.92,0.0
2026-03-15 16:00:00,71358.91819356977,71745.97890549856,71358.91819356977,71745.97890549856,0.0
2026-03-15 20:00:00,71555.73835491986,72630.4027504574,71475.008,72630.4027504574,0.0
2026-03-16 00:00:00,72635.11354764768,72859.67401,72512.83373406254,72859.67401,0.0
2026-03-16 04:00:00,73702.24431291565,73941.44964720853,73702.24431291565,73708.9757265214,0.0
2026-03-16 08:00:00,73491.78560060567,73815.36455754249,73223.72429593583,73630.06489721176,0.0
2026-03-16 12:00:00,73667.105,74070.29037090244,73667.105,73793.55350392907,0.0
2026-03-16 16:00:00,73430.56971750253,74198.61198480237,73430.56971750253,74088.2,0.0
2026-03-16 20:00:00,73982.59259418519,74656.7522766254,73982.59259418519,74534.70304196002,0.0
2026-03-17 00:00:00,74863.43671010366,75858.46999999999,74863.43671010366,74889.81059153228,0.0
2026-03-17 04:00:00,74394.09574,74394.09574,74219.7586540226,74389.98426,0.0
2026-03-17 08:00:00,74261.90426000001,74406.48832721492,73737.11737,74061.8,0.0
2026-03-17 12:00:00,73866.33304019041,73866.33304019041,73866.33304019041,73866.33304019041,0.0
